{"locator_tl":{"vertices":[[0.9999999403953552,2.220446049250313e-16,2.220446049250313e-16],[-0.9999999403953552,-2.220446049250313e-16,-2.220446049250313e-16],[2.220446049250313e-16,0,-1],[-2.220446049250313e-16,0,1],[0,-1,0],[0,1,0],[-1,0,0],[1,0,0],[0,0,0],[0,0,0],[-0.8916828632354736,0.13866719603538513,0],[-0.9200697541236877,0.13866719603538513,0],[-0.9200697541236877,0.05076390504837036,0],[-0.9315890669822693,0.05076390504837036,0],[-0.9315890669822693,0.13866719603538513,0],[-0.9599073529243469,0.13866719603538513,0],[-0.9599073529243469,0.14908942580223083,0],[-0.8916828632354736,0.14908942580223083,0],[-0.825241208076477,0.05076390504837036,0],[-0.8762552738189697,0.05076390504837036,0],[-0.8762552738189697,0.14908942580223083,0],[-0.8647359609603882,0.14908942580223083,0],[-0.8647359609603882,0.061186134815216064,0],[-0.825241208076477,0.061186134815216064,0]],"edges":[[3,9],[0,9],[9,2],[8,5],[9,1],[4,8],[8,6],[7,8],[10,11],[11,12],[12,13],[13,14],[14,15],[15,16],[16,17],[17,10],[18,19],[19,20],[20,21],[21,22],[22,23],[23,18]],"faces":[]},"locator_rl":{"vertices":[[0.9999999403953552,2.220446049250313e-16,2.220446049250313e-16],[-0.9999999403953552,-2.220446049250313e-16,-2.220446049250313e-16],[2.220446049250313e-16,0,-1],[-2.220446049250313e-16,0,1],[0,-1,0],[0,1,0],[-1,0,0],[1,0,0],[0,0,0],[0,0,0],[-0.8798893094062805,0.05076390504837036,0],[-0.8936027884483337,0.05076390504837036,0],[-0.9104703068733215,0.07867079973220825,0],[-0.9112709760665894,0.07996691018342972,0],[-0.9120502471923828,0.0811811238527298,0],[-0.9128080606460571,0.0823134332895279,0],[-0.9135444164276123,0.0833638459444046,0],[-0.9142593741416931,0.08433236181735992,0],[-0.9149529337882996,0.08521897345781326,0],[-0.9156250357627869,0.08602368831634521,0],[-0.916275680065155,0.08674649894237518,0],[-0.9169049263000488,0.08738741278648376,0],[-0.9175127744674683,0.08794642984867096,0],[-0.9180991649627686,0.08842354267835617,0],[-0.9186640977859497,0.08881875872612,0],[-0.9192281365394592,0.08915826678276062,0],[-0.9198116660118103,0.08946824073791504,0],[-0.9204147458076477,0.08974870294332504,0],[-0.9210373163223267,0.08999963849782944,0],[-0.9216794371604919,0.09022105485200882,0],[-0.9223410487174988,0.09041294455528259,0],[-0.9230222105979919,0.09057532250881195,0],[-0.9237228631973267,0.0907081663608551,0],[-0.9244430661201477,0.09081149101257324,0],[-0.9251827597618103,0.09088529646396637,0],[-0.9259420037269592,0.09092958271503448,0],[-0.9267207980155945,0.09094434976577759,0],[-0.9380344152450562,0.09094434976577759,0],[-0.9380344152450562,0.05076390504837036,0],[-0.9495536684989929,0.05076390504837036,0],[-0.9495536684989929,0.14908942580223083,0],[-0.9203440546989441,0.14908942580223083,0],[-0.9182255864143372,0.1490422785282135,0],[-0.916167140007019,0.1489008665084839,0],[-0.914168655872345,0.1486651599407196,0],[-0.9122302532196045,0.14833518862724304,0],[-0.9103517532348633,0.1479109227657318,0],[-0.9085333347320557,0.1473923921585083,0],[-0.9067748188972473,0.14677956700325012,0],[-0.9050763845443726,0.14607247710227966,0],[-0.9034379124641418,0.14527109265327454,0],[-0.9018594026565552,0.14437542855739594,0],[-0.9003409147262573,0.14338548481464386,0],[-0.8988824486732483,0.1423012614250183,0],[-0.8975135087966919,0.1411251425743103,0],[-0.896263599395752,0.13985949754714966,0],[-0.8951326608657837,0.13850434124469757,0],[-0.8941208124160767,0.13705965876579285,0],[-0.8932280540466309,0.13552546501159668,0],[-0.8924542665481567,0.13390175998210907,0],[-0.8917995691299438,0.13218852877616882,0],[-0.8912638425827026,0.13038578629493713,0],[-0.8908472061157227,0.1284935176372528,0],[-0.8905496597290039,0.12651172280311584,0],[-0.8903710842132568,0.12444041669368744,0],[-0.8903115391731262,0.12227959930896759,0],[-0.8903489112854004,0.12059850990772247,0],[-0.8904610872268677,0.11896075308322906,0],[-0.8906479477882385,0.11736632883548737,0],[-0.8909096121788025,0.11581522971391678,0],[-0.8912460207939148,0.1143074631690979,0],[-0.8916571736335754,0.11284302175045013,0],[-0.8921431303024292,0.11142192035913467,0],[-0.8927037715911865,0.11004414409399033,0],[-0.893339216709137,0.10870970040559769,0],[-0.8940494060516357,0.10741858184337616,0],[-0.8948343992233276,0.10617080330848694,0],[-0.8956940770149231,0.10496635735034943,0],[-0.8966185450553894,0.10381095111370087,0],[-0.8975977897644043,0.1027102991938591,0],[-0.898631751537323,0.10166440904140472,0],[-0.8997204899787903,0.10067327320575714,0],[-0.9008640050888062,0.09973690658807755,0],[-0.9020622968673706,0.09885529428720474,0],[-0.9033153057098389,0.09802843630313873,0],[-0.9046230912208557,0.09725634753704071,0],[-0.9059855937957764,0.09653900563716888,0],[-0.9074029326438904,0.09587642550468445,0],[-0.9088749885559082,0.0952686071395874,0],[-0.9104017615318298,0.09471555054187775,0],[-0.9104017615318298,0.09444127976894379,0],[-0.9099041819572449,0.09412986785173416,0],[-0.9094170331954956,0.09381274878978729,0],[-0.9089404344558716,0.09348990768194199,0],[-0.9084742665290833,0.09316135942935944,0],[-0.9080185890197754,0.09282708913087845,0],[-0.9075733423233032,0.09248711168766022,0],[-0.9071386456489563,0.09214141964912415,0],[-0.9067143797874451,0.09179000556468964,0],[-0.9063006043434143,0.09143288433551788,0],[-0.9058972597122192,0.09107005596160889,0],[-0.9055044651031494,0.09070150554180145,0],[-0.9051221013069153,0.09032723307609558,0],[-0.9047425985336304,0.08993630856275558,0],[-0.9043583273887634,0.0895177572965622,0],[-0.9039692878723145,0.0890716016292572,0],[-0.9035755395889282,0.08859781920909882,0],[-0.9031769633293152,0.08809641748666763,0],[-0.9027736783027649,0.08756740391254425,0],[-0.9023655652999878,0.08701077103614807,0],[-0.9019527435302734,0.0864265114068985,0],[-0.901535153388977,0.08581464737653732,0],[-0.9011127948760986,0.08517516404390335,0],[-0.9006856679916382,0.08450806140899658,0],[-0.9002538323402405,0.08381334692239761,0],[-0.9380344152450562,0.13866719603538513,0],[-0.9380344152450562,0.10136657953262329,0],[-0.9224010705947876,0.10136657953262329,0],[-0.9209923148155212,0.10140514373779297,0],[-0.9196231365203857,0.1015208512544632,0],[-0.9182934165000916,0.10171369463205338,0],[-0.9170032739639282,0.1019836813211441,0],[-0.915752649307251,0.10233080387115479,0],[-0.914541482925415,0.10275505483150482,0],[-0.91336989402771,0.103256456553936,0],[-0.912237823009491,0.10383499413728714,0],[-0.9111452698707581,0.10449066758155823,0],[-0.9100922346115112,0.10522347688674927,0],[-0.9090787172317505,0.10603342950344086,0],[-0.9081047773361206,0.106920525431633,0],[-0.9071903228759766,0.10786904394626617,0],[-0.9063553214073181,0.10886326432228088,0],[-0.9055998921394348,0.10990320146083832,0],[-0.9049239754676819,0.11098885536193848,0],[-0.9043276309967041,0.11212021112442017,0],[-0.9038107395172119,0.11329728364944458,0],[-0.9033733606338501,0.11452006548643112,0],[-0.9030155539512634,0.11578856408596039,0],[-0.9027372002601624,0.11710277199745178,0],[-0.9025384187698364,0.1184626892209053,0],[-0.9024191498756409,0.11986832320690155,0],[-0.9023793935775757,0.12131965905427933,0],[-0.9024146199226379,0.12261196225881577,0],[-0.9025203585624695,0.12386045604944229,0],[-0.9026964902877808,0.1250651478767395,0],[-0.9029431939125061,0.1262260377407074,0],[-0.9032602906227112,0.1273431032896042,0],[-0.9036478996276855,0.12841637432575226,0],[-0.9041059613227844,0.12944583594799042,0],[-0.9046344757080078,0.13043148815631866,0],[-0.9052335023880005,0.1313733458518982,0],[-0.9059029817581177,0.13227137923240662,0],[-0.9066429734230042,0.13312560319900513,0],[-0.9074533581733704,0.1339360475540161,0],[-0.9083304405212402,0.13469171524047852,0],[-0.9092704057693481,0.13538166880607605,0],[-0.9102731943130493,0.13600590825080872,0],[-0.9113388657569885,0.1365644633769989,0],[-0.912467360496521,0.13705727458000183,0],[-0.9136587381362915,0.13748440146446228,0],[-0.9149129390716553,0.13784581422805786,0],[-0.9162299633026123,0.13814151287078857,0],[-0.9176098704338074,